{
    "prive":1906968783.775107,
    "syndicat":129808071.93719567,
    "public":227211893.82009163,
    "collectivite":4954435.205638259
}