{
    "prive":69289259.41075505,
    "syndicat":4777981.299625751,
    "public":11902276.545583246,
    "collectivite":64611.265465257355
}