{
    "prive":34510.0,
    "syndicat":1233.3333333333335,
    "public":3086.666666666667,
    "collectivite":970.0,
    "priv\u00e9":100
}