{
    "prive":4483261.850673327,
    "syndicat":446720.7945270997,
    "public":615031.404568728,
    "collectivite":6204.104513660333
}