{
    "prive":849008.0000000002,
    "syndicat":39633.166666666664,
    "public":78385.5,
    "collectivite":8073.333333333333,
    "priv\u00e9":11200
}