{
    "prive":68140.0,
    "syndicat":2393.3333333333335,
    "public":6246.666666666667,
    "collectivite":1070.0,
    "priv\u00e9":450
}