{
    "Construction, logement, am\u00e9nagement du territoire":{
        "prive":136014472.41202316,
        "syndicat":10817443.310094336,
        "public":17257909.954195123,
        "collectivite":1305233.5862083298
    },
    "Aide et protection sociale":{
        "prive":54404763.24019732,
        "syndicat":4009126.768173251,
        "public":12538105.104197431,
        "collectivite":13897.078529755407
    },
    "Enseignement et recherche":{
        "prive":73326389.6310094,
        "syndicat":2184865.614487792,
        "public":11307246.788399676,
        "collectivite":493255.29288129375
    },
    "Droits de l'homme et libert\u00e9s":{
        "prive":42355064.73548309,
        "syndicat":905158.294008969,
        "public":25353833.26939043,
        "collectivite":49586.56345432695
    },
    "Industries de t\u00e9l\u00e9communications et du num\u00e9rique":{
        "prive":103402397.69948184,
        "syndicat":696851.9242421987,
        "public":2288341.515894986,
        "collectivite":127877.6017396707
    },
    "Sant\u00e9 et bien-\u00eatre":{
        "prive":207346476.7037935,
        "syndicat":10830883.198726078,
        "public":30519305.305147387,
        "collectivite":185637.52210086462
    },
    "Banques, assurances, finance":{
        "prive":96264953.08764708,
        "syndicat":669722.8491505083,
        "public":7479080.1616991395,
        "collectivite":0.0
    },
    "Economie et finances publiques":{
        "prive":343499487.1723411,
        "syndicat":15757723.452824049,
        "public":27836271.119337253,
        "collectivite":397314.03178573947
    },
    "Energie":{
        "prive":44780676.81832591,
        "syndicat":730694.9057592708,
        "public":4451156.819981643,
        "collectivite":87211.64940621992
    },
    "Environnement et d\u00e9veloppement durable":{
        "prive":232985343.75502583,
        "syndicat":8053367.339789849,
        "public":17053155.274294533,
        "collectivite":192644.87140378237
    },
    "Justice et s\u00e9curit\u00e9":{
        "prive":52338953.18231564,
        "syndicat":833146.7515097369,
        "public":8189897.868545722,
        "collectivite":364461.2058848492
    },
    "Culture,loisirs, tourisme, M\u00e9dias":{
        "prive":117975368.72217177,
        "syndicat":12913666.208711708,
        "public":22776006.20451389,
        "collectivite":116264.05950531905
    },
    "Transport et logistique":{
        "prive":123177670.41948459,
        "syndicat":2253700.326434447,
        "public":8126288.6596463,
        "collectivite":121613.26927718922
    },
    "Agriculture et alimentation":{
        "prive":159250469.70602414,
        "syndicat":53399179.45734795,
        "public":14143392.686795222,
        "collectivite":20895.257085142235
    },
    "Gouvernance et institutions publiques":{
        "prive":33313309.078766882,
        "syndicat":979646.9272401833,
        "public":10566273.69161951,
        "collectivite":274611.83252152626
    },
    "NA":{
        "prive":86532987.41101669,
        "syndicat":4772894.608695055,
        "public":7325629.396434028,
        "collectivite":1203931.383854259
    }
}