{
    "Agriculture et alimentation":314302624.04605633,
    "Aide et protection sociale":110638322.97167896,
    "Banques, assurances, finance":142941241.59817746,
    "Construction, logement, am\u00e9nagement du territoire":253859049.97638267,
    "Culture,loisirs, tourisme, M\u00e9dias":240548705.69205117,
    "Droits de l'homme et libert\u00e9s":126982807.1687215,
    "Economie et finances publiques":677784593.5081667,
    "Energie":84702661.41876064,
    "Enseignement et recherche":145682462.01690465,
    "Environnement et d\u00e9veloppement durable":421413328.9464607,
    "Gouvernance et institutions publiques":81067874.54063039,
    "Industries de t\u00e9l\u00e9communications et du num\u00e9rique":186243745.29636806,
    "Justice et s\u00e9curit\u00e9":97346710.12428951,
    "NA":77206442.8,
    "Sant\u00e9 et bien-\u00eatre":412395011.4270082,
    "Transport et logistique":207996999.95849884
}