{
    "Culture,loisirs, tourisme, M\u00e9dias":578099154.6346667,
    "Droits de l'homme et libert\u00e9s":362098709.04478467,
    "Aide et protection sociale":319057449.76871055,
    "Economie et finances publiques":1764475675.2051296,
    "NA":185965142.8,
    "Enseignement et recherche":431251948.4817599,
    "Sant\u00e9 et bien-\u00eatre":1014002838.7080328,
    "Justice et s\u00e9curit\u00e9":237636198.40166786,
    "Transport et logistique":507568327.9072671,
    "Environnement et d\u00e9veloppement durable":1016203234.0834215,
    "Industries de t\u00e9l\u00e9communications et du num\u00e9rique":399531490.1878225,
    "Energie":190905768.93676665,
    "Agriculture et alimentation":948934622.9518256,
    "Gouvernance et institutions publiques":223040472.35531923,
    "Construction, logement, am\u00e9nagement du territoire":755236722.8177913,
    "Banques, assurances, finance":310604885.1180948
}