{
    "Sports":27937972.29875396,
    "Droits et libert\u00e9s fondamentales":37989523.67485253,
    "Discriminations":18557669.83870412,
    "Famille":18018063.436995257,
    "Egalit\u00e9 des chances":20781989.811470747,
    "Asile":6611260.067093362,
    "Immigration":10885609.18952746,
    "Retraites":15354876.69273104,
    "Dialogue social":46657025.096823566,
    "Droit du travail":70594434.64489853,
    "NA":106522500.0,
    "Education":45376472.967944875,
    "Pr\u00e9vention":83114007.10193451,
    "Fonction publique":24352452.483076125,
    "Recherche et innovation":79633431.61945666,
    "Institutions p\u00e9nitentiaires":5421530.769490508,
    "Spectacle vivant":12524078.361693094,
    "Musique":11179762.905646788,
    "Imp\u00f4ts":74372474.31952816,
    "PME/TPE":114866737.69597995,
    "Aides aux entreprises":96838933.7154356,
    "Transport de voyageurs":93180307.77840719,
    "Impact des transports individuels":44924693.78587179,
    "Acc\u00e8s \u00e0 la culture":14100756.085812023,
    "S\u00e9curit\u00e9 nationale":35383010.46001206,
    "Infrastructures de t\u00e9l\u00e9communications":30521329.44912403,
    "Acc\u00e8s \u00e0 l\u2019Internet":16384585.70563176,
    "Acc\u00e8s aux moyens de t\u00e9l\u00e9communications":15522636.457518894,
    "D\u00e9chets":86518614.55023773,
    "Politique industrielle":206235683.62475434,
    "Accidents et catastrophes naturelles":6601512.537469785,
    "D\u00e9fense":35697736.834827855,
    "Energie nucl\u00e9aire":36426286.515079975,
    "Energies renouvelables":172758972.5677429,
    "Produits chimiques":22812348.860416733,
    "Impact de l'activit\u00e9 industrielle":90263708.59869893,
    "Industrie agroalimentaire":116342116.15649937,
    "Agriculture":323131105.47894347,
    "Professions r\u00e9glement\u00e9es":34185789.04378992,
    "Bien-\u00eatre animal":17001693.04242707,
    "Collectivit\u00e9s territoriales":48356075.72947577,
    "Logement":127055014.60518442,
    "Syst\u00e8me de sant\u00e9 et m\u00e9dico-social":210453900.56824335,
    "Normes de production":26297718.271055054,
    "Qualit\u00e9 de l'eau":21689976.299292546,
    "Protection des donn\u00e9es":44584512.631178364,
    "E-commerce":41722549.97951382,
    "B\u00e2timents et travaux publics":71218718.75360763,
    "M\u00e9dicaments":110357536.12391499,
    "Remboursements":50186047.10271773,
    "Soins et maladies":95116698.31069778,
    "March\u00e9 du num\u00e9rique":113868682.08977666,
    "Taxes":140413294.89731416,
    "Energies fossiles":60638983.81959394,
    "Jeux d'argent":10126915.78918922,
    "March\u00e9s r\u00e9glement\u00e9s":35797731.99097051,
    "Budget":107322591.01055151,
    "Droit de la concurrence":29343252.516820032,
    "Formation professionnelle":62187226.41883503,
    "Enseignement sup\u00e9rieur":23679047.158331282,
    "Construction":90671623.78979498,
    "Publicit\u00e9":23079919.3551158,
    "Audiovisuel":65924507.367837384,
    "Occupation des sols":28081868.18965413,
    "Brevet":4595918.590978923,
    "Handicap":17203851.134988636,
    "Finances":65570292.614990585,
    "Banques":55177642.91688036,
    "Droit d'auteur":20714398.47484329,
    "D\u00e9veloppement des territoires":96052262.42463756,
    "Transports alternatifs":24748633.26122302,
    "Egalit\u00e9 femmes/hommes":18399972.31763603,
    "Taxation":14302151.24309613,
    "Patrimoine":13330624.121295836,
    "Accords internationaux":27198069.64028405,
    "Assurances":60121360.41291838,
    "D\u00e9pollution":13749466.093227448,
    "Presse \u00e9crite":15420214.544204308,
    "Industrie a\u00e9ronautique":27496469.85921154,
    "Espionnage et surveillance":2643276.160344552,
    "S\u00e9curit\u00e9 et normes alimentaires":29112958.802229688,
    "Assurance ch\u00f4mage":9757973.035988249,
    "Appellations":9490950.641964983,
    "Livre":6749106.861368487,
    "Cin\u00e9ma":24964102.616020888,
    "Environnement":13760728.55086339,
    "Humanitaire":12399622.930030674,
    "Aide au d\u00e9veloppement":27707429.044127773,
    "Impact des transports marchands et collectifs":38953036.92448225,
    "Transport de fret":53006242.07319344,
    "Partenariats public/priv\u00e9":16986061.04680259,
    "Tourisme/h\u00f4tellerie":43016984.354299195,
    "Eaux":15484199.197971007,
    "Droits des victimes":5676908.454943104,
    "Infrastructures":57255756.45634062,
    "Libert\u00e9 d\u2019expression et d\u2019information":19936414.84804708,
    "Finances publiques":7531424.577522163,
    "Institutions europ\u00e9ennes":19788619.278464817,
    "Sant\u00e9":13664394.945710158,
    "Soci\u00e9t\u00e9":2657154.8091531666,
    "Institutions judiciaires":11789001.759793526,
    "Justice civile":17034690.732368786,
    "Chasse":11896695.213943973,
    "Sports, loisirs, tourisme":3778468.4946608203,
    "For\u00eat":12521780.670290662,
    "Propri\u00e9t\u00e9 intellectuelle":2218669.7642641347,
    "Pouvoirs publics et institutions":4794327.5890538525,
    "D\u00e9fense, s\u00e9curit\u00e9":1947145.4728985736,
    "Num\u00e9rique":8849709.2943801,
    "Secret des affaires / Secret professionnel":4241694.330934649,
    "Protection des marques":4782854.170514208,
    "Economie":9795984.261887211,
    "Outre-mer":322512.3657060483,
    "Transports, logistique":7449877.312046589,
    "A\u00e9ronautique, a\u00e9rospatiale":1392138.0695844877,
    "Energie":7792559.936078847,
    "Entreprises et professions lib\u00e9rales":2993247.334359696,
    "Gouvernance d\u2019entreprise":210394.81795567618,
    "Banques, assurances, secteur financier":4371775.013303519,
    "Education, enseignement, formation":5069013.18778671,
    "Enseignement sup\u00e9rieur, recherche, innovation":3212531.3620748017,
    "Ordre administratif":8774708.249940729,
    "Statistiques":2898456.8347788965,
    "Moralisation/Transparence":12228411.988780325,
    "Ressources mini\u00e8res":5995028.881836171,
    "Emploi, solidarit\u00e9":6191273.184800164,
    "Construction, logement, am\u00e9nagement du territoire":8814414.379697215,
    "Economie des outre-mer":13014274.493323838,
    "Principe de pr\u00e9caution":16638245.47270446,
    "M\u00e9dias":4626028.10044154,
    "Agriculture, agroalimentaire":19122629.962539513,
    "D\u00e9veloppement \u00e9conomique des outre-mer":14828739.238522766,
    "Services postaux":3540696.360192433,
    "Arts, culture":2020217.320214952,
    "Industrie a\u00e9rospatiale":13514620.983204374,
    "Ressources naturelles":1129223.048646722,
    "Concurrence, consommation":1706369.6183238185,
    "Justice":1014206.3805960516,
    "Questions migratoires":286000.25269493955,
    "P\u00eache":14531750.789410703,
    "S\u00e9curit\u00e9 routi\u00e8re":13478844.60020832,
    "Institutions des outre-mer":1552280.2120003684,
    "Justice p\u00e9nale":13821182.227908604,
    "Commerce ext\u00e9rieur":959904.5432317294,
    "Coop\u00e9ration internationale":908884.4476744186,
    "La\u00efcit\u00e9":2494626.5073582428,
    "T\u00e9l\u00e9communications":1317057.6092744658,
    "Jeux-vid\u00e9o":3342765.0082454905,
    "Fran\u00e7ais de l\u2019\u00e9tranger":1695712.0497417178
}