{
    "Economie et finances publiques":865331629.3468682,
    "Enseignement et recherche":349867369.16479105,
    "Environnement et d\u00e9veloppement durable":383455561.413932,
    "Industries de t\u00e9l\u00e9communications et du num\u00e9rique":276675723.93915254,
    "Gouvernance et institutions publiques":229123249.08283603,
    "Droits de l'homme et libert\u00e9s":96329367.7823479,
    "Culture,loisirs, tourisme, M\u00e9dias":286619076.9775542,
    "Aide et protection sociale":246279390.07693747,
    "Construction, logement, am\u00e9nagement du territoire":236627718.07995918,
    "Justice et s\u00e9curit\u00e9":98809907.33395907,
    "Sant\u00e9 et bien-\u00eatre":317340613.37080854,
    "Energie":259960853.55768788,
    "Transport et logistique":213015057.23225603,
    "Banques, assurances, finance":150512377.76753378,
    "Agriculture et alimentation":425087196.4839607
}