{
    "Commerce ext\u00e9rieur":34955519.94546178,
    "Enseignement sup\u00e9rieur, recherche, innovation":120155204.72448587,
    "Gouvernance d\u2019entreprise":23957762.825816683,
    "Environnement":203887451.1657243,
    "Num\u00e9rique":122954071.36932138,
    "Pouvoirs publics et institutions":58303344.49442598,
    "Soci\u00e9t\u00e9":34679117.875958756,
    "Sports, loisirs, tourisme":45155153.86323423,
    "Emploi, solidarit\u00e9":121332465.25450361,
    "Construction, logement, am\u00e9nagement du territoire":118159548.50865716,
    "Questions migratoires":12826614.224591278,
    "\u00c9ducation, enseignement, formation":67097558.083786085,
    "Justice":18575512.89414683,
    "Sant\u00e9":169200352.6002516,
    "Arts, culture":21411634.99044874,
    "Finances publiques":133260602.6919797,
    "M\u00e9dias":52878657.22408007,
    "Concurrence, consommation":87285106.04484205,
    "Economie":149789219.492914,
    "Energie":142950013.75440326,
    "Transports, logistique":109211826.04404195,
    "Ressources naturelles":3721549.686569354,
    "Banques, assurances, secteur financier et extra financier":91072859.34898259,
    "D\u00e9fense, s\u00e9curit\u00e9":35888078.762808606,
    "Propri\u00e9t\u00e9 intellectuelle":40618747.216383204,
    "Coop\u00e9ration internationale":31707269.7880762,
    "Agriculture, agroalimentaire":209303884.47351247,
    "A\u00e9ronautique, a\u00e9rospatiale":5494217.340860218,
    "Entreprises et professions lib\u00e9rales":33003026.066745292,
    "Outre-mer":25151585.895680264,
    "T\u00e9l\u00e9communications":35356465.37730675
}