{
    "Commerce ext\u00e9rieur":34980591.7492995,
    "Enseignement sup\u00e9rieur, recherche, innovation":123709780.78542401,
    "Gouvernance d\u2019entreprise":24266558.84233537,
    "Environnement":202892666.43575737,
    "Num\u00e9rique":123214931.71738577,
    "Pouvoirs publics et institutions":55643649.55313803,
    "Soci\u00e9t\u00e9":33126939.817254346,
    "Sports, loisirs, tourisme":44730551.46282909,
    "Emploi, solidarit\u00e9":119982109.55412439,
    "Construction, logement, am\u00e9nagement du territoire":111766763.65423103,
    "Questions migratoires":12212444.724963687,
    "\u00c9ducation, enseignement, formation":65628185.422990024,
    "Justice":17756651.979950853,
    "Sant\u00e9":168202571.3618533,
    "Arts, culture":21157313.982504994,
    "Finances publiques":133298075.72402826,
    "M\u00e9dias":52071278.52166862,
    "Concurrence, consommation":86383091.96704274,
    "Economie":149014113.78588232,
    "Energie":145113598.86130282,
    "Transports, logistique":108666330.53233068,
    "Ressources naturelles":3697664.7496270896,
    "Banques, assurances, secteur financier et extra financier":87598006.78219222,
    "D\u00e9fense, s\u00e9curit\u00e9":37502229.99060023,
    "Propri\u00e9t\u00e9 intellectuelle":41191545.17135275,
    "Coop\u00e9ration internationale":31360567.256316967,
    "Agriculture, agroalimentaire":192398749.84205377,
    "A\u00e9ronautique, a\u00e9rospatiale":5422626.2984722145,
    "Entreprises et professions lib\u00e9rales":32004028.884060565,
    "Outre-mer":24599812.560399335,
    "T\u00e9l\u00e9communications":37563567.0389855
}