{
    "Economie et finances publiques":35789231.54436645,
    "Enseignement et recherche":15601161.204285929,
    "Environnement et d\u00e9veloppement durable":23416790.80676333,
    "Industries de t\u00e9l\u00e9communications et du num\u00e9rique":8835813.266833812,
    "Gouvernance et institutions publiques":12527832.18356596,
    "Droits de l'homme et libert\u00e9s":6675303.605407345,
    "Culture,loisirs, tourisme, M\u00e9dias":10809240.520684218,
    "Aide et protection sociale":12014383.222027818,
    "Construction, logement, am\u00e9nagement du territoire":19525309.19312242,
    "Justice et s\u00e9curit\u00e9":6075082.390341024,
    "Sant\u00e9 et bien-\u00eatre":15670059.859312098,
    "Energie":10414721.514188454,
    "Transport et logistique":9892081.858836923,
    "Banques, assurances, finance":4521017.203275326,
    "Agriculture et alimentation":58047671.62698887
}