{
    "Commerce ext\u00e9rieur":2333744.299349186,
    "Enseignement sup\u00e9rieur, recherche, innovation":5757166.505492714,
    "Gouvernance d\u2019entreprise":1788591.8671082242,
    "Environnement":23416790.80676333,
    "Num\u00e9rique":7411360.398259733,
    "Pouvoirs publics et institutions":9182654.874574613,
    "Soci\u00e9t\u00e9":5201345.719905754,
    "Sports, loisirs, tourisme":3734717.517536228,
    "Emploi, solidarit\u00e9":12014383.222027818,
    "Construction, logement, am\u00e9nagement du territoire":19525309.19312242,
    "Questions migratoires":1473957.8855015952,
    "\u00c9ducation, enseignement, formation":9843994.698793223,
    "Justice":2501177.1562308655,
    "Sant\u00e9":15670059.859312098,
    "Arts, culture":1719945.6533056868,
    "Finances publiques":8166362.6475300705,
    "M\u00e9dias":3469083.835123868,
    "Concurrence, consommation":5804292.875038201,
    "Economie":13722108.77351881,
    "Energie":10273086.94889606,
    "Transports, logistique":9687596.99531335,
    "Ressources naturelles":141634.56529239262,
    "Banques, assurances, secteur financier et extra financier":4521017.203275326,
    "D\u00e9fense, s\u00e9curit\u00e9":3573905.234110159,
    "Propri\u00e9t\u00e9 intellectuelle":1885493.51471844,
    "Coop\u00e9ration internationale":1908582.005907334,
    "Agriculture, agroalimentaire":58047671.62698887,
    "A\u00e9ronautique, a\u00e9rospatiale":204484.8635235732,
    "Entreprises et professions lib\u00e9rales":3974131.081821957,
    "Outre-mer":1436595.303084013,
    "T\u00e9l\u00e9communications":1424452.8685740784
}