{
    "Economie et finances publiques":174.76420794769442,
    "Enseignement et recherche":71.35277249770668,
    "Environnement et d\u00e9veloppement durable":86.366473316069,
    "Industries de t\u00e9l\u00e9communications et du num\u00e9rique":40.847128348254394,
    "Gouvernance et institutions publiques":55.21126815332107,
    "Droits de l'homme et libert\u00e9s":29.072706751619158,
    "Culture,loisirs, tourisme, M\u00e9dias":51.733471377596636,
    "Aide et protection sociale":54.7377363667437,
    "Construction, logement, am\u00e9nagement du territoire":76.48537216747553,
    "Justice et s\u00e9curit\u00e9":28.889474890600923,
    "Sant\u00e9 et bien-\u00eatre":79.11727643451907,
    "Energie":41.76036968208398,
    "Transport et logistique":40.51201074827614,
    "Banques, assurances, finance":22.73603463710075,
    "Agriculture et alimentation":291.41369668093927
}