{
    "Economie et finances publiques":342474439.64170605,
    "Enseignement et recherche":140259794.36775127,
    "Environnement et d\u00e9veloppement durable":153375789.84525385,
    "Industries de t\u00e9l\u00e9communications et du num\u00e9rique":125852866.82763591,
    "Gouvernance et institutions publiques":78402746.22675335,
    "Droits de l'homme et libert\u00e9s":31301109.177640032,
    "Culture,loisirs, tourisme, M\u00e9dias":121485957.31067266,
    "Aide et protection sociale":84621800.63407466,
    "Construction, logement, am\u00e9nagement du territoire":77128079.80744305,
    "Justice et s\u00e9curit\u00e9":40533863.526287675,
    "Sant\u00e9 et bien-\u00eatre":124770252.36613296,
    "Energie":116587999.93327849,
    "Transport et logistique":86139948.70056042,
    "Banques, assurances, finance":69080383.4707015,
    "Agriculture et alimentation":126819159.77469534
}