{
    "Commerce ext\u00e9rieur":34406923.625909634,
    "Enseignement sup\u00e9rieur, recherche, innovation":117022563.30498426,
    "Gouvernance d\u2019entreprise":23723868.83804918,
    "Environnement":202051048.49155968,
    "Num\u00e9rique":121368817.24122316,
    "Pouvoirs publics et institutions":58150047.426719084,
    "Soci\u00e9t\u00e9":34422935.50813733,
    "Sports, loisirs, tourisme":45067009.742609225,
    "Emploi, solidarit\u00e9":119825715.2207778,
    "Construction, logement, am\u00e9nagement du territoire":116288730.49235435,
    "Questions migratoires":12826614.224591278,
    "\u00c9ducation, enseignement, formation":66650260.90234,
    "Justice":18593118.58151485,
    "Sant\u00e9":166859432.9089033,
    "Arts, culture":20703804.714182716,
    "Finances publiques":131613674.37768418,
    "M\u00e9dias":52225992.30041312,
    "Concurrence, consommation":86562894.40946712,
    "Economie":147218663.31788036,
    "Energie":140283922.37676805,
    "Transports, logistique":108485369.5486668,
    "Ressources naturelles":3698026.959296627,
    "Banques, assurances, secteur financier et extra financier":88488093.16092345,
    "D\u00e9fense, s\u00e9curit\u00e9":35530507.99372364,
    "Propri\u00e9t\u00e9 intellectuelle":39854298.384018324,
    "Coop\u00e9ration internationale":30912080.22300675,
    "Agriculture, agroalimentaire":207575245.18858775,
    "A\u00e9ronautique, a\u00e9rospatiale":5494217.340860218,
    "Entreprises et professions lib\u00e9rales":33092663.152017724,
    "Outre-mer":25019285.90537257,
    "T\u00e9l\u00e9communications":35095541.59745789
}