{
    "Construction, logement, am\u00e9nagement du territoire":168347882.48117176,
    "Aide et protection sociale":71375057.99644108,
    "Enseignement et recherche":87426622.79068916,
    "Droits de l'homme et libert\u00e9s":68932340.19066435,
    "Industries de t\u00e9l\u00e9communications et du num\u00e9rique":106529262.94444028,
    "Sant\u00e9 et bien-\u00eatre":249089647.16009855,
    "Banques, assurances, finance":104481684.38997325,
    "Economie et finances publiques":389260994.3383878,
    "Energie":50123367.38741803,
    "Environnement et d\u00e9veloppement durable":260380059.67250034,
    "Justice et s\u00e9curit\u00e9":61833698.802457444,
    "Culture,loisirs, tourisme, M\u00e9dias":153879613.14216954,
    "Transport et logistique":133699879.86741488,
    "Agriculture et alimentation":270771303.93752563,
    "Gouvernance et institutions publiques":45618558.709239304,
    "NA":101375042.8
}