{
    "Construction, logement, am\u00e9nagement du territoire":5484051.751184802,
    "Aide et protection sociale":1999416.60730582,
    "Enseignement et recherche":3639313.9992205575,
    "Droits de l'homme et libert\u00e9s":3034735.6360460944,
    "Industries de t\u00e9l\u00e9communications et du num\u00e9rique":9517663.025595065,
    "Sant\u00e9 et bien-\u00eatre":10562188.026339618,
    "Banques, assurances, finance":4915888.731504516,
    "Economie et finances publiques":15211678.014293429,
    "Energie":2129907.315282211,
    "Environnement et d\u00e9veloppement durable":6780105.655167678,
    "Justice et s\u00e9curit\u00e9":947435.8725313008,
    "Culture,loisirs, tourisme, M\u00e9dias":9643609.942013431,
    "Transport et logistique":3591477.966190833,
    "Agriculture et alimentation":6559311.272853529,
    "Gouvernance et institutions publiques":1344677.9176004443,
    "NA":2085000.0
}