{
    "Economie et finances publiques":458664926.24285203,
    "Enseignement et recherche":186839255.43376014,
    "Environnement et d\u00e9veloppement durable":204504627.9716268,
    "Industries de t\u00e9l\u00e9communications et du num\u00e9rique":159369057.2968618,
    "Gouvernance et institutions publiques":111896191.30588272,
    "Droits de l'homme et libert\u00e9s":45751833.31201954,
    "Culture,loisirs, tourisme, M\u00e9dias":158182206.12553528,
    "Aide et protection sociale":120545709.39915515,
    "Construction, logement, am\u00e9nagement du territoire":112572443.86800222,
    "Justice et s\u00e9curit\u00e9":53484095.483548015,
    "Sant\u00e9 et bien-\u00eatre":167563665.92272744,
    "Energie":148448634.07203615,
    "Transport et logistique":114334417.2631594,
    "Banques, assurances, finance":87176382.20333092,
    "Agriculture et alimentation":193100945.71008778
}