{
    "Commerce ext\u00e9rieur":21648171.11504849,
    "Enseignement sup\u00e9rieur, recherche, innovation":83347268.76086663,
    "Gouvernance d\u2019entreprise":14375567.861525413,
    "Environnement":126090051.89330342,
    "Num\u00e9rique":82937762.09599198,
    "Pouvoirs publics et institutions":27823216.76788821,
    "Soci\u00e9t\u00e9":17169431.347540006,
    "Sports, loisirs, tourisme":27054857.35190678,
    "Emploi, solidarit\u00e9":66246559.12264805,
    "Construction, logement, am\u00e9nagement du territoire":59246384.22439737,
    "Questions migratoires":6652099.620378753,
    "\u00c9ducation, enseignement, formation":34380830.409341656,
    "Justice":9594462.488520265,
    "Sant\u00e9":103185093.38011289,
    "Arts, culture":13239694.27432763,
    "Finances publiques":84253858.70200539,
    "M\u00e9dias":34364256.25153251,
    "Concurrence, consommation":52874941.195197925,
    "Economie":91266336.56555219,
    "Energie":97331976.7698588,
    "Transports, logistique":67955362.11774142,
    "Ressources naturelles":2429987.3855119897,
    "Banques, assurances, secteur financier et extra financier":57478332.23298749,
    "D\u00e9fense, s\u00e9curit\u00e9":25718101.978006855,
    "Propri\u00e9t\u00e9 intellectuelle":27575010.044353247,
    "Coop\u00e9ration internationale":18979202.31974365,
    "Agriculture, agroalimentaire":92859809.5745555,
    "A\u00e9ronautique, a\u00e9rospatiale":3684062.509173962,
    "Entreprises et professions lib\u00e9rales":17647594.44445301,
    "Outre-mer":14885126.422876146,
    "T\u00e9l\u00e9communications":26319173.263010934
}