{
    "Commerce ext\u00e9rieur":1342037.803932293,
    "Enseignement sup\u00e9rieur, recherche, innovation":3358590.838671794,
    "Gouvernance d\u2019entreprise":996602.1271857809,
    "Environnement":15520257.481648162,
    "Num\u00e9rique":4539120.18095818,
    "Pouvoirs publics et institutions":5522202.818488681,
    "Soci\u00e9t\u00e9":3026043.7779861465,
    "Sports, loisirs, tourisme":1972438.5793839453,
    "Emploi, solidarit\u00e9":7002782.934136238,
    "Construction, logement, am\u00e9nagement du territoire":12272025.749684982,
    "Questions migratoires":991548.8263183269,
    "\u00c9ducation, enseignement, formation":5630207.728567573,
    "Justice":1420479.29471254,
    "Sant\u00e9":8905104.087188814,
    "Arts, culture":1057155.9466436007,
    "Finances publiques":4572162.735947603,
    "M\u00e9dias":2114235.9341009767,
    "Concurrence, consommation":3130527.6172834523,
    "Economie":7902438.5100345,
    "Energie":6306923.284440608,
    "Transports, logistique":5774140.4545862395,
    "Ressources naturelles":70748.0719492841,
    "Banques, assurances, secteur financier et extra financier":2651285.4393913015,
    "D\u00e9fense, s\u00e9curit\u00e9":1986136.9240933477,
    "Propri\u00e9t\u00e9 intellectuelle":1042130.2846442133,
    "Coop\u00e9ration internationale":1105916.2661293654,
    "Agriculture, agroalimentaire":33633355.69996831,
    "A\u00e9ronautique, a\u00e9rospatiale":129134.7077853598,
    "Entreprises et professions lib\u00e9rales":2389224.7972266306,
    "Outre-mer":885600.8378494623,
    "T\u00e9l\u00e9communications":715835.3490622886
}